"Tweet id","Tweet permalink","Tweet text","time","impressions","engagements","engagement rate","retweets","replies","likes","user profile clicks","url clicks","hashtag clicks","detail expands","permalink clicks","app opens","app installs","follows","email tweet","dial phone","media views","media engagements","promoted impressions","promoted engagements","promoted engagement rate","promoted retweets","promoted replies","promoted likes","promoted user profile clicks","promoted url clicks","promoted hashtag clicks","promoted detail expands","promoted permalink clicks","promoted app opens","promoted app installs","promoted follows","promoted email tweet","promoted dial phone","promoted media views","promoted media engagements"
"1498352116733255685","https://twitter.com/EconomicsShiny/status/1498352116733255685","#Texas #Manufacturing Outlook Survey: Update on wages and benefits, prices received, and prices paid for raw materials. 21.4% firms report higher delivery times, up 3.5 p.p. from last month #rstats https://t.co/Xi8O7g9bO5","2022-02-28 17:39 +0000","376.0","7.0","0.018617021276595744","2.0","0.0","0.0","0.0","0.0","0.0","0.0","0.0","0","0","0","0","0","5","5","-","-","-","-","-","-","-","-","-","-","-","-","-","-","-","-","-","-"
"1498269554950164483","https://twitter.com/EconomicsShiny/status/1498269554950164483","Daily new #COVID19 cases in key economies #rstats https://t.co/StQaK7KMwD","2022-02-28 12:11 +0000","443.0","14.0","0.03160270880361174","2.0","0.0","1.0","0.0","0.0","0.0","0.0","0.0","0","0","0","0","0","11","11","-","-","-","-","-","-","-","-","-","-","-","-","-","-","-","-","-","-"
"1498050390402682890","https://twitter.com/EconomicsShiny/status/1498050390402682890","Canada: New #COVID19 cases, as of 23 Feb, at 6,228; the 7-day rolling average is at 6,037, down from 6,230 the prior day (source: https://t.co/jQYRb8dubd) #rstats","2022-02-27 21:40 +0000","353.0","1.0","0.0028328611898017","1.0","0.0","0.0","0.0","0.0","0.0","0.0","0.0","0","0","0","0","0","0","0","-","-","-","-","-","-","-","-","-","-","-","-","-","-","-","-","-","-"
"1498050344793907205","https://twitter.com/EconomicsShiny/status/1498050344793907205","Brazil: New #COVID19 cases, as of 26 Feb, at 0; the 7-day rolling average is at 75,578, down from 81,100 the prior day (source: https://t.co/jQYRb8dubd) #rstats","2022-02-27 21:40 +0000","346.0","1.0","0.002890173410404624","1.0","0.0","0.0","0.0","0.0","0.0","0.0","0.0","0","0","0","0","0","0","0","-","-","-","-","-","-","-","-","-","-","-","-","-","-","-","-","-","-"
"1498050299080101899","https://twitter.com/EconomicsShiny/status/1498050299080101899","Italy: New #COVID19 cases, as of 26 Feb, at 31,878; the 7-day rolling average is at 42,083, down from 43,558 the prior day (source: https://t.co/jQYRb8dubd) #rstats","2022-02-27 21:39 +0000","333.0","3.0","0.009009009009009009","1.0","0.0","0.0","2.0","0.0","0.0","0.0","0.0","0","0","0","0","0","0","0","-","-","-","-","-","-","-","-","-","-","-","-","-","-","-","-","-","-"
"1498050248048091139","https://twitter.com/EconomicsShiny/status/1498050248048091139","United Kingdom: New #COVID19 cases, as of 07 Feb, at 34,645; the 7-day rolling average is at 60,771, down from 68,541 the prior day (source: https://t.co/jQYRb8dubd) #rstats","2022-02-27 21:39 +0000","337.0","1.0","0.002967359050445104","1.0","0.0","0.0","0.0","0.0","0.0","0.0","0.0","0","0","0","0","0","0","0","-","-","-","-","-","-","-","-","-","-","-","-","-","-","-","-","-","-"
"1498050202284040196","https://twitter.com/EconomicsShiny/status/1498050202284040196","Germany: New #COVID19 cases, as of 25 Feb, at 73,774; the 7-day rolling average is at 147,339, down from 153,651 the prior day (source: https://t.co/jQYRb8dubd) #rstats","2022-02-27 21:39 +0000","356.0","4.0","0.011235955056179775","1.0","0.0","0.0","1.0","0.0","0.0","2.0","0.0","0","0","0","0","0","0","0","-","-","-","-","-","-","-","-","-","-","-","-","-","-","-","-","-","-"
"1498050150904000513","https://twitter.com/EconomicsShiny/status/1498050150904000513","United States: New #COVID19 cases, as of 25 Feb, at 25,210; the 7-day rolling average is at 67,725, down from 70,725 the prior day (source: https://t.co/jQYRb8e20L) #rstats","2022-02-27 21:39 +0000","278.0","1.0","0.0035971223021582736","1.0","0.0","0.0","0.0","0.0","0.0","0.0","0.0","0","0","0","0","0","0","0","-","-","-","-","-","-","-","-","-","-","-","-","-","-","-","-","-","-"
"1497906916089020419","https://twitter.com/EconomicsShiny/status/1497906916089020419","Daily new #COVID19 cases in key economies #rstats https://t.co/uuz7NqVrMg","2022-02-27 12:10 +0000","504.0","18.0","0.03571428571428571","2.0","0.0","0.0","0.0","1.0","0.0","0.0","0.0","0","0","0","0","0","15","15","-","-","-","-","-","-","-","-","-","-","-","-","-","-","-","-","-","-"
"1497544174467436548","https://twitter.com/EconomicsShiny/status/1497544174467436548","Cross-Country Comparison: New confirmed cases of #COVID19 in major economies, using data as of 26 Feb, per 100K people #rstats https://t.co/NghqQ8OCIE","2022-02-26 12:08 +0000","582.0","26.0","0.044673539518900345","2.0","0.0","1.0","2.0","0.0","0.0","2.0","0.0","0","0","0","0","0","19","19","-","-","-","-","-","-","-","-","-","-","-","-","-","-","-","-","-","-"
"1497325834176241665","https://twitter.com/EconomicsShiny/status/1497325834176241665","COVID 19 #PartialVaccination in major economies (defined as number of people who received at least one dose over total population). Details: https://t.co/xjHOWiFrYh  #rstats https://t.co/f60lWl4rPM","2022-02-25 21:41 +0000","360.0","7.0","0.019444444444444445","1.0","0.0","0.0","0.0","0.0","0.0","0.0","0.0","0","0","0","0","0","6","6","-","-","-","-","-","-","-","-","-","-","-","-","-","-","-","-","-","-"
"1497325782653358086","https://twitter.com/EconomicsShiny/status/1497325782653358086","COVID 19 #FullVaccination in major economies (defined as number of people who received all doses prescribed by the vaccination protocol over total population). Details: https://t.co/xjHOWiFrYh  #rstats https://t.co/1Evq8BUIpj","2022-02-25 21:41 +0000","341.0","8.0","0.02346041055718475","1.0","0.0","0.0","0.0","0.0","1.0","0.0","0.0","0","0","0","0","0","6","6","-","-","-","-","-","-","-","-","-","-","-","-","-","-","-","-","-","-"
"1497325731424129033","https://twitter.com/EconomicsShiny/status/1497325731424129033","#COVID19 Patients in Intensive Care Units (data as of Feb 24) #rstats https://t.co/PZyhe5rZ37","2022-02-25 21:40 +0000","336.0","5.0","0.01488095238095238","1.0","0.0","0.0","0.0","0.0","0.0","1.0","0.0","0","0","0","0","0","3","3","-","-","-","-","-","-","-","-","-","-","-","-","-","-","-","-","-","-"
"1497325670707441664","https://twitter.com/EconomicsShiny/status/1497325670707441664","#COVID19 Hospitalizations in major economies (data as of Feb 24) #rstats https://t.co/1ubDxJFOb8","2022-02-25 21:40 +0000","331.0","4.0","0.012084592145015106","1.0","0.0","0.0","0.0","0.0","0.0","0.0","0.0","0","0","0","0","0","3","3","-","-","-","-","-","-","-","-","-","-","-","-","-","-","-","-","-","-"
"1497325531532038145","https://twitter.com/EconomicsShiny/status/1497325531532038145","Increase in Bank Balance Sheets Post-Pandemic Mostly Driven by Higher Cash and Treasuries/Agencies #BankLending #rstats https://t.co/pIrFsuTiAu","2022-02-25 21:40 +0000","376.0","7.0","0.018617021276595744","1.0","0.0","1.0","3.0","0.0","0.0","0.0","0.0","0","0","0","0","0","2","2","-","-","-","-","-","-","-","-","-","-","-","-","-","-","-","-","-","-"
"1497324954853023744","https://twitter.com/EconomicsShiny/status/1497324954853023744","10Y #Treasury is at 1.96%. How are shorter-term interest rates contributing to the change in the #YieldCurve? #rstats https://t.co/s9KpYcJG6i https://t.co/AB4khYHwu5","2022-02-25 21:37 +0000","335.0","6.0","0.01791044776119403","1.0","0.0","1.0","0.0","2.0","0.0","0.0","0.0","0","0","0","0","0","2","2","-","-","-","-","-","-","-","-","-","-","-","-","-","-","-","-","-","-"
"1497286129573408768","https://twitter.com/EconomicsShiny/status/1497286129573408768","@xtYao @rstatstweet Find it here, though: https://t.co/bQ5rMtvc6g","2022-02-25 19:03 +0000","26.0","1.0","0.038461538461538464","0.0","0.0","1.0","0.0","0.0","0.0","0.0","0.0","0","0","0","0","0","0","0","-","-","-","-","-","-","-","-","-","-","-","-","-","-","-","-","-","-"
"1497285908021841925","https://twitter.com/EconomicsShiny/status/1497285908021841925","@xtYao @rstatstweet Ha! Their data is hard to see on the chart, thatâ€™s why I left it off.","2022-02-25 19:02 +0000","15.0","1.0","0.06666666666666667","0.0","0.0","1.0","0.0","0.0","0.0","0.0","0.0","0","0","0","0","0","0","0","-","-","-","-","-","-","-","-","-","-","-","-","-","-","-","-","-","-"
"1497213411507191816","https://twitter.com/EconomicsShiny/status/1497213411507191816","Total #LightVehicle sales at 15.02M units (saar), up 2.5M units from last month. #rstats https://t.co/OUDlfycBS1","2022-02-25 14:14 +0000","307.0","1.0","0.003257328990228013","1.0","0.0","0.0","0.0","0.0","0.0","0.0","0.0","0","0","0","0","0","0","0","-","-","-","-","-","-","-","-","-","-","-","-","-","-","-","-","-","-"
"1497213359116234753","https://twitter.com/EconomicsShiny/status/1497213359116234753","#Auto Inventory-to-sales ratio at 0.171 in Jan 2022, down -0.14 from prior month. Historically, dealers typically hold over 2 months of inventory. #rstats https://t.co/jkAxWtI1h4","2022-02-25 14:14 +0000","344.0","2.0","0.005813953488372093","1.0","0.0","0.0","0.0","0.0","0.0","0.0","0.0","0","0","0","0","0","1","1","-","-","-","-","-","-","-","-","-","-","-","-","-","-","-","-","-","-"
"1497213310768398346","https://twitter.com/EconomicsShiny/status/1497213310768398346","#Vehicle sales for Jan 2022 at 15.018M units, up 2.48M units from prior month #rstats https://t.co/XzAVHnIjr6","2022-02-25 14:14 +0000","318.0","2.0","0.006289308176100629","1.0","0.0","0.0","1.0","0.0","0.0","0.0","0.0","0","0","0","0","0","0","0","-","-","-","-","-","-","-","-","-","-","-","-","-","-","-","-","-","-"
"1497213152244731912","https://twitter.com/EconomicsShiny/status/1497213152244731912","Headline PCE inflation running at 5.88% y/y, up 0.26p.p. from last month. CPI inflation at 7.26%. FED target is 2%. #rstats https://t.co/1VbGiyXvzb","2022-02-25 14:13 +0000","303.0","6.0","0.019801980198019802","1.0","0.0","0.0","2.0","0.0","0.0","0.0","0.0","0","0","0","0","0","3","3","-","-","-","-","-","-","-","-","-","-","-","-","-","-","-","-","-","-"
"1497213098884841475","https://twitter.com/EconomicsShiny/status/1497213098884841475","#Inflation Update: Is U.S. inflation out of control, or reverting back to trend? With inflation running below target since the financial crisiss, the recent spike in inflation brings it only marginally above a 2% trendline #PriceLevelTargeting #rstats https://t.co/yXF46ZMqLq","2022-02-25 14:13 +0000","358.0","2.0","0.00558659217877095","1.0","0.0","0.0","1.0","0.0","0.0","0.0","0.0","0","0","0","0","0","0","0","-","-","-","-","-","-","-","-","-","-","-","-","-","-","-","-","-","-"
"1497181736127635469","https://twitter.com/EconomicsShiny/status/1497181736127635469","Cross-Country Comparison: New confirmed cases of #COVID19 in major economies, using data as of 25 Feb, per 100K people #rstats https://t.co/dUJKRGfbEK","2022-02-25 12:08 +0000","652.0","39.0","0.0598159509202454","2.0","1.0","0.0","3.0","0.0","2.0","8.0","0.0","0","0","0","0","0","23","23","-","-","-","-","-","-","-","-","-","-","-","-","-","-","-","-","-","-"
"1496958607467941888","https://twitter.com/EconomicsShiny/status/1496958607467941888","#Housing update: Breakdown of new houses sold by sales price in Jan 2022. Roughly 38% of all new houses sold for &gt; $500K. #rstats https://t.co/S7RTfxjRzN","2022-02-24 21:21 +0000","527.0","8.0","0.015180265654648957","2.0","0.0","1.0","1.0","0.0","0.0","2.0","0.0","0","0","0","0","0","2","2","-","-","-","-","-","-","-","-","-","-","-","-","-","-","-","-","-","-"
"1496921004907581446","https://twitter.com/EconomicsShiny/status/1496921004907581446","Daily new #COVID19 cases in key economies #rstats https://t.co/9EK0yKWfkf","2022-02-24 18:52 +0000","438.0","12.0","0.0273972602739726","2.0","0.0","1.0","0.0","0.0","0.0","2.0","0.0","0","0","0","0","0","7","7","-","-","-","-","-","-","-","-","-","-","-","-","-","-","-","-","-","-"
"1496920920010723329","https://twitter.com/EconomicsShiny/status/1496920920010723329","Chicago Fed Financial Conditions Index in Feb 2022 at -0.53. Positive (negative) values indicate financial conditions that are tighter (looser) than average. #rstats https://t.co/ajW6SoWKbB","2022-02-24 18:52 +0000","387.0","5.0","0.012919896640826873","1.0","0.0","1.0","1.0","0.0","0.0","0.0","0.0","0","0","0","0","0","2","2","-","-","-","-","-","-","-","-","-","-","-","-","-","-","-","-","-","-"
"1496920859554033666","https://twitter.com/EconomicsShiny/status/1496920859554033666","#Thinking about buying a house? Average US 30-Year Fixed Rate #Mortgage last week at 3.89, down -0.03 p.p. from last week. 5/1 ARM at 3% #rstats https://t.co/9e7e2Js0P0","2022-02-24 18:51 +0000","379.0","2.0","0.005277044854881266","1.0","0.0","0.0","0.0","0.0","0.0","0.0","0.0","0","0","0","0","0","1","1","-","-","-","-","-","-","-","-","-","-","-","-","-","-","-","-","-","-"
"1496920804503834637","https://twitter.com/EconomicsShiny/status/1496920804503834637","#Housing update: New home sales in Jan 2022 at 801, down -38K from last month. Average sales price at $496900. Monthly housing supply at 6.1 months. #rstats https://t.co/K7b3xrwYFo","2022-02-24 18:51 +0000","365.0","5.0","0.0136986301369863","1.0","0.0","0.0","1.0","0.0","1.0","2.0","0.0","0","0","0","0","0","0","0","-","-","-","-","-","-","-","-","-","-","-","-","-","-","-","-","-","-"
"1496920678750162948","https://twitter.com/EconomicsShiny/status/1496920678750162948","Weekly Initial Unemployment Claims (first-time applications for unemployment benefits), a proxy for layoffs, decrease to 232K (down -17K from prior week); 4-week moving average of continued claims  decrease to 1576K in Feb 2022 #rstats https://t.co/leZq47DkFg","2022-02-24 18:51 +0000","350.0","3.0","0.008571428571428572","1.0","0.0","0.0","0.0","0.0","0.0","1.0","0.0","0","0","0","0","0","1","1","-","-","-","-","-","-","-","-","-","-","-","-","-","-","-","-","-","-"
"1496920580184055810","https://twitter.com/EconomicsShiny/status/1496920580184055810","Chicago Fed Overall #NationalActivityIndex for Jan 2022 at 0.69. Values above/below zero suggest that the national economy is expanding above/below its historical trend rate of growth. #rstats https://t.co/4jD8yPt25b https://t.co/sIIrnNxT17","2022-02-24 18:50 +0000","305.0","2.0","0.006557377049180328","1.0","0.0","0.0","0.0","1.0","0.0","0.0","0.0","0","0","0","0","0","0","0","-","-","-","-","-","-","-","-","-","-","-","-","-","-","-","-","-","-"
"1496920533023272962","https://twitter.com/EconomicsShiny/status/1496920533023272962","Chicago Fed Index for Sales, Orders, and Inventories for Jan 2022 at 0.03. An average of 23 indicators, this series is an early signal of recessions/expansions. Values above/below zero suggest that the economy is expanding above/below historical trend growth. #rstats https://t.co/pvBN0UdmLh","2022-02-24 18:50 +0000","351.0","3.0","0.008547008547008548","1.0","0.0","0.0","1.0","0.0","0.0","0.0","0.0","0","0","0","0","0","1","1","-","-","-","-","-","-","-","-","-","-","-","-","-","-","-","-","-","-"
"1496920484885282816","https://twitter.com/EconomicsShiny/status/1496920484885282816","Chicago Fed #NationalActivityIndex for Employment for Jan 2022 at 0.14. Values above/below zero suggest that the national economy is expanding above/below its historical trend rate of growth. #rstats https://t.co/xYAWAOTLkk","2022-02-24 18:50 +0000","325.0","1.0","0.003076923076923077","1.0","0.0","0.0","0.0","0.0","0.0","0.0","0.0","0","0","0","0","0","0","0","-","-","-","-","-","-","-","-","-","-","-","-","-","-","-","-","-","-"
"1496920421236674567","https://twitter.com/EconomicsShiny/status/1496920421236674567","Comparing Recoveries Across All Major Components of U.S. GDP #recovery #rstats https://t.co/SDgILymaBZ","2022-02-24 18:50 +0000","293.0","5.0","0.017064846416382253","1.0","0.0","0.0","0.0","0.0","0.0","0.0","0.0","0","0","0","0","0","4","4","-","-","-","-","-","-","-","-","-","-","-","-","-","-","-","-","-","-"
"1496920370988953602","https://twitter.com/EconomicsShiny/status/1496920370988953602","How Does the Current U.S Recovery Compare to Prior Recessions? #rstats https://t.co/9U2v3pP8Sg","2022-02-24 18:50 +0000","306.0","4.0","0.013071895424836602","1.0","0.0","0.0","0.0","0.0","0.0","0.0","0.0","0","0","0","0","0","3","3","-","-","-","-","-","-","-","-","-","-","-","-","-","-","-","-","-","-"
"1496920311228420098","https://twitter.com/EconomicsShiny/status/1496920311228420098","Real #GDP (qq, annualized) for Oct 2021 came in at 7%, up from last quarter's 2.3% #rstats https://t.co/A05YO4kFR3","2022-02-24 18:49 +0000","303.0","2.0","0.006600660066006601","1.0","0.0","0.0","0.0","0.0","0.0","1.0","0.0","0","0","0","0","0","0","0","-","-","-","-","-","-","-","-","-","-","-","-","-","-","-","-","-","-"
"1496457539931750419","https://twitter.com/EconomicsShiny/status/1496457539931750419","Daily new #COVID19 cases in key economies #rstats https://t.co/kdPBXyx5r3","2022-02-23 12:10 +0000","326.0","9.0","0.027607361963190184","2.0","0.0","0.0","0.0","0.0","0.0","2.0","0.0","0","0","0","0","0","5","5","-","-","-","-","-","-","-","-","-","-","-","-","-","-","-","-","-","-"
"1496222864957222913","https://twitter.com/EconomicsShiny/status/1496222864957222913","Paying more for #gas? Weighted av. gas prices currently at $3.58, up 4.3 cents from last week. Relative to 12 months ago, this is a $0.99 increase.  #rstats https://t.co/NxRIaEUvqD","2022-02-22 20:38 +0000","355.0","6.0","0.016901408450704224","2.0","0.0","0.0","0.0","0.0","0.0","0.0","0.0","0","0","0","0","0","4","4","-","-","-","-","-","-","-","-","-","-","-","-","-","-","-","-","-","-"
"1496178002539212803","https://twitter.com/EconomicsShiny/status/1496178002539212803","#HousePrices up 3.4% q/q, with the index at 557.73. This is 46.4% above the peak prior to the 2008/09 recession #rstats https://t.co/qAnD39Bqjm","2022-02-22 17:40 +0000","342.0","4.0","0.011695906432748537","2.0","0.0","1.0","1.0","0.0","0.0","0.0","0.0","0","0","0","0","0","0","0","-","-","-","-","-","-","-","-","-","-","-","-","-","-","-","-","-","-"
"1496177927679057926","https://twitter.com/EconomicsShiny/status/1496177927679057926","The rental vacancy rate (proportion of the rental inventory vacant for rent) for Oct 2021 at 5.6, down -0.2% from last quarter #housing #rstats https://t.co/EtbOqsuyHV","2022-02-22 17:39 +0000","350.0","3.0","0.008571428571428572","2.0","0.0","1.0","0.0","0.0","0.0","0.0","0.0","0","0","0","0","0","0","0","-","-","-","-","-","-","-","-","-","-","-","-","-","-","-","-","-","-"
"1496177879327162374","https://twitter.com/EconomicsShiny/status/1496177879327162374","Case-Shiller U.S. National Home Price Index for Dec 2021 at 278.629, up 0.9% from last month #housing #rstats https://t.co/RpAWnCCO04","2022-02-22 17:39 +0000","303.0","4.0","0.013201320132013201","2.0","0.0","0.0","0.0","0.0","0.0","0.0","0.0","0","0","0","0","0","2","2","-","-","-","-","-","-","-","-","-","-","-","-","-","-","-","-","-","-"
"1496118401441357827","https://twitter.com/EconomicsShiny/status/1496118401441357827","#PhillyFed #Nonmanufacturing Business Survey: 68.8% firms report paying higher prices, up 5.8 p.p. from last month #rstats https://t.co/HcMvIcjmdt","2022-02-22 13:43 +0000","292.0","3.0","0.010273972602739725","2.0","0.0","0.0","0.0","0.0","0.0","1.0","0.0","0","0","0","0","0","0","0","-","-","-","-","-","-","-","-","-","-","-","-","-","-","-","-","-","-"
"1496094871131676682","https://twitter.com/EconomicsShiny/status/1496094871131676682","Cross-Country Comparison: New confirmed cases of #COVID19 in major economies, using data as of 22 Feb, per 100K people #rstats https://t.co/1VMs6y0Uvz","2022-02-22 12:09 +0000","377.0","16.0","0.042440318302387266","2.0","0.0","0.0","0.0","0.0","0.0","4.0","0.0","0","0","0","0","0","10","10","-","-","-","-","-","-","-","-","-","-","-","-","-","-","-","-","-","-"
"1495732751936499712","https://twitter.com/EconomicsShiny/status/1495732751936499712","Daily new #COVID19 cases in key economies #rstats https://t.co/gS7mIFMfEQ","2022-02-21 12:10 +0000","457.0","25.0","0.05470459518599562","3.0","0.0","1.0","0.0","0.0","0.0","1.0","0.0","0","0","0","0","0","20","20","-","-","-","-","-","-","-","-","-","-","-","-","-","-","-","-","-","-"
"1495513538999291908","https://twitter.com/EconomicsShiny/status/1495513538999291908","Canada: New #COVID19 cases, as of 16 Feb, at 7,583; the 7-day rolling average is at 8,091, down from 8,527 the prior day (source: https://t.co/jQYRb8dubd) #rstats","2022-02-20 21:39 +0000","47.0","0.0","0.0","0.0","0.0","0.0","0.0","0.0","0.0","0.0","0.0","0","0","0","0","0","0","0","-","-","-","-","-","-","-","-","-","-","-","-","-","-","-","-","-","-"
"1495513493763768329","https://twitter.com/EconomicsShiny/status/1495513493763768329","Brazil: New #COVID19 cases, as of 19 Feb, at 0; the 7-day rolling average is at 97,426, down from 105,373 the prior day (source: https://t.co/jQYRb8dubd) #rstats","2022-02-20 21:39 +0000","43.0","0.0","0.0","0.0","0.0","0.0","0.0","0.0","0.0","0.0","0.0","0","0","0","0","0","0","0","-","-","-","-","-","-","-","-","-","-","-","-","-","-","-","-","-","-"
"1495513448914067469","https://twitter.com/EconomicsShiny/status/1495513448914067469","Italy: New #COVID19 cases, as of 19 Feb, at 42,202; the 7-day rolling average is at 52,043, down from 53,492 the prior day (source: https://t.co/jQYRb8dubd) #rstats","2022-02-20 21:39 +0000","42.0","0.0","0.0","0.0","0.0","0.0","0.0","0.0","0.0","0.0","0.0","0","0","0","0","0","0","0","-","-","-","-","-","-","-","-","-","-","-","-","-","-","-","-","-","-"
"1495513399706497028","https://twitter.com/EconomicsShiny/status/1495513399706497028","United Kingdom: New #COVID19 cases, as of 07 Feb, at 34,645; the 7-day rolling average is at 60,771, down from 68,541 the prior day (source: https://t.co/jQYRb8dubd) #rstats","2022-02-20 21:39 +0000","39.0","0.0","0.0","0.0","0.0","0.0","0.0","0.0","0.0","0.0","0.0","0","0","0","0","0","0","0","-","-","-","-","-","-","-","-","-","-","-","-","-","-","-","-","-","-"
"1495513354382856199","https://twitter.com/EconomicsShiny/status/1495513354382856199","Germany: New #COVID19 cases, as of 18 Feb, at 79,758; the 7-day rolling average is at 159,930, down from 165,811 the prior day (source: https://t.co/jQYRb8dubd) #rstats","2022-02-20 21:39 +0000","39.0","0.0","0.0","0.0","0.0","0.0","0.0","0.0","0.0","0.0","0.0","0","0","0","0","0","0","0","-","-","-","-","-","-","-","-","-","-","-","-","-","-","-","-","-","-"
"1495513303845679105","https://twitter.com/EconomicsShiny/status/1495513303845679105","United States: New #COVID19 cases, as of 18 Feb, at 46,210; the 7-day rolling average is at 108,240, down from 110,776 the prior day (source: https://t.co/jQYRb8dubd) #rstats","2022-02-20 21:38 +0000","36.0","0.0","0.0","0.0","0.0","0.0","0.0","0.0","0.0","0.0","0.0","0","0","0","0","0","0","0","-","-","-","-","-","-","-","-","-","-","-","-","-","-","-","-","-","-"
"1495370018049175556","https://twitter.com/EconomicsShiny/status/1495370018049175556","Daily new #COVID19 cases in key economies #rstats https://t.co/vlVptvhDUH","2022-02-20 12:09 +0000","152.0","8.0","0.05263157894736842","1.0","0.0","0.0","1.0","0.0","0.0","0.0","0.0","0","0","0","0","0","6","6","-","-","-","-","-","-","-","-","-","-","-","-","-","-","-","-","-","-"
"1495007380958064652","https://twitter.com/EconomicsShiny/status/1495007380958064652","Cross-Country Comparison: New confirmed cases of #COVID19 in major economies, using data as of 19 Feb, per 100K people #rstats https://t.co/ZNtvL1kZwx","2022-02-19 12:08 +0000","93.0","3.0","0.03225806451612903","1.0","0.0","0.0","0.0","0.0","0.0","0.0","0.0","0","0","0","0","0","2","2","-","-","-","-","-","-","-","-","-","-","-","-","-","-","-","-","-","-"
"1494788832188899329","https://twitter.com/EconomicsShiny/status/1494788832188899329","COVID 19 #PartialVaccination in major economies (defined as number of people who received at least one dose over total population). Details: https://t.co/xjHOWiFrYh  #rstats https://t.co/lWpZGualuA","2022-02-18 21:40 +0000","67.0","1.0","0.014925373134328358","1.0","0.0","0.0","0.0","0.0","0.0","0.0","0.0","0","0","0","0","0","0","0","-","-","-","-","-","-","-","-","-","-","-","-","-","-","-","-","-","-"
"1494788782377287683","https://twitter.com/EconomicsShiny/status/1494788782377287683","COVID 19 #FullVaccination in major economies (defined as number of people who received all doses prescribed by the vaccination protocol over total population). Details: https://t.co/xjHOWiFrYh  #rstats https://t.co/VPxs3y4Azb","2022-02-18 21:39 +0000","57.0","1.0","0.017543859649122806","1.0","0.0","0.0","0.0","0.0","0.0","0.0","0.0","0","0","0","0","0","0","0","-","-","-","-","-","-","-","-","-","-","-","-","-","-","-","-","-","-"
"1494788733413036034","https://twitter.com/EconomicsShiny/status/1494788733413036034","#COVID19 Patients in Intensive Care Units (data as of Feb 18) #rstats https://t.co/ZGsrqxZNAm","2022-02-18 21:39 +0000","81.0","2.0","0.024691358024691357","1.0","0.0","0.0","0.0","0.0","0.0","0.0","0.0","0","0","0","0","0","1","1","-","-","-","-","-","-","-","-","-","-","-","-","-","-","-","-","-","-"
"1494788680153804800","https://twitter.com/EconomicsShiny/status/1494788680153804800","#COVID19 Hospitalizations in major economies (data as of Feb 18) #rstats https://t.co/RDBJUbcS41","2022-02-18 21:39 +0000","100.0","5.0","0.05","1.0","0.0","0.0","1.0","0.0","0.0","0.0","0.0","0","0","0","0","0","3","3","-","-","-","-","-","-","-","-","-","-","-","-","-","-","-","-","-","-"
"1494788312674050056","https://twitter.com/EconomicsShiny/status/1494788312674050056","10Y #Treasury is at 1.97%. How are shorter-term interest rates contributing to the change in the #YieldCurve? #rstats https://t.co/s9KpYcJG6i https://t.co/7Kx1vLUSNe","2022-02-18 21:38 +0000","86.0","2.0","0.023255813953488372","1.0","0.0","0.0","0.0","1.0","0.0","0.0","0.0","0","0","0","0","0","0","0","-","-","-","-","-","-","-","-","-","-","-","-","-","-","-","-","-","-"
"1494727869850955776","https://twitter.com/EconomicsShiny/status/1494727869850955776","Trends Accelerated by the Pandemic? #eCommerce Retail Sales as Percent of Total Sales in Oct 2021 at 12.9% #rstats https://t.co/DJMvhMmKZa","2022-02-18 17:37 +0000","61.0","1.0","0.01639344262295082","1.0","0.0","0.0","0.0","0.0","0.0","0.0","0.0","0","0","0","0","0","0","0","-","-","-","-","-","-","-","-","-","-","-","-","-","-","-","-","-","-"
"1494691549917159424","https://twitter.com/EconomicsShiny/status/1494691549917159424","Existing Home Sales in Jan 2022 at 6500K units,  up 6.7% q/q #rstats https://t.co/Rfv6RrF8YJ","2022-02-18 15:13 +0000","101.0","3.0","0.0297029702970297","1.0","0.0","0.0","0.0","0.0","0.0","0.0","0.0","0","0","0","0","0","2","2","-","-","-","-","-","-","-","-","-","-","-","-","-","-","-","-","-","-"
"1494645037262688257","https://twitter.com/EconomicsShiny/status/1494645037262688257","Cross-Country Comparison: New confirmed cases of #COVID19 in major economies, using data as of 18 Feb, per 100K people #rstats https://t.co/Io97CEJ6QG","2022-02-18 12:08 +0000","75.0","3.0","0.04","1.0","0.0","0.0","1.0","0.0","0.0","0.0","0.0","0","0","0","0","0","1","1","-","-","-","-","-","-","-","-","-","-","-","-","-","-","-","-","-","-"
"1494366055501860864","https://twitter.com/EconomicsShiny/status/1494366055501860864","#Housing Details: Breakdown of New Privately-Owned Housing Units Completed for Jan 2022 shows #SingleFamilyHomes account for roughly 74.4% of all completions #rstats https://t.co/tIH7h5M5nw","2022-02-17 17:40 +0000","59.0","1.0","0.01694915254237288","1.0","0.0","0.0","0.0","0.0","0.0","0.0","0.0","0","0","0","0","0","0","0","-","-","-","-","-","-","-","-","-","-","-","-","-","-","-","-","-","-"
"1494366001126944776","https://twitter.com/EconomicsShiny/status/1494366001126944776","#Housing update: Housing Starts at 1638K units in Jan 2022. Housing Units under construction at 1519.5K, up 24.8K from last month. New Housing Permits Authorized at 1899K. #rstats https://t.co/SIQRlWj683","2022-02-17 17:39 +0000","89.0","2.0","0.02247191011235955","1.0","0.0","0.0","0.0","0.0","0.0","0.0","0.0","0","0","0","0","0","1","1","-","-","-","-","-","-","-","-","-","-","-","-","-","-","-","-","-","-"
"1494365942947659781","https://twitter.com/EconomicsShiny/status/1494365942947659781","#Thinking about buying a house? Average US 30-Year Fixed Rate #Mortgage last week at 3.92%, up 0.23 p.p. from last week. 5/1 ARM at 3% #rstats https://t.co/ONm8BeuuiS","2022-02-17 17:39 +0000","108.0","5.0","0.046296296296296294","1.0","0.0","0.0","0.0","0.0","0.0","0.0","0.0","0","0","0","0","0","4","4","-","-","-","-","-","-","-","-","-","-","-","-","-","-","-","-","-","-"
"1494314389280858113","https://twitter.com/EconomicsShiny/status/1494314389280858113","Daily new #COVID19 cases in key economies #rstats https://t.co/7aSuGfMmvH","2022-02-17 14:14 +0000","100.0","2.0","0.02","1.0","0.0","0.0","0.0","0.0","0.0","0.0","0.0","0","0","0","0","0","1","1","-","-","-","-","-","-","-","-","-","-","-","-","-","-","-","-","-","-"
"1494314104101687300","https://twitter.com/EconomicsShiny/status/1494314104101687300","Philly Fed Manufacturing Survey: % firms report increased  #delivery times at 23, down -2.2 p.p. from last month #rstats https://t.co/4jD8yPt25b https://t.co/QhxoR8UFfu","2022-02-17 14:13 +0000","77.0","3.0","0.03896103896103896","1.0","0.0","0.0","0.0","2.0","0.0","0.0","0.0","0","0","0","0","0","0","0","-","-","-","-","-","-","-","-","-","-","-","-","-","-","-","-","-","-"
"1494306550151892997","https://twitter.com/EconomicsShiny/status/1494306550151892997","Weekly Initial Unemployment Claims (first-time applications for unemployment benefits), a proxy for layoffs, increase to 248K (up 23K from prior week); 4-week moving average of continued claims  decrease to 1626.2K in Feb 2022 #rstats https://t.co/1aAokjRIIy","2022-02-17 13:43 +0000","126.0","4.0","0.031746031746031744","1.0","0.0","0.0","0.0","0.0","0.0","0.0","0.0","0","0","0","0","0","3","3","-","-","-","-","-","-","-","-","-","-","-","-","-","-","-","-","-","-"
"1494063473575268354","https://twitter.com/EconomicsShiny/status/1494063473575268354","#Uncertainty Update: VIX at 25.7; 7-day average of the Economic Policy Uncertainty Index at 383.2, up 28.9 from the prior week #MarketVolatility #rstats https://t.co/uuh0DsKpgg https://t.co/2wqtvIq3aD","2022-02-16 21:37 +0000","93.0","1.0","0.010752688172043012","1.0","0.0","0.0","0.0","0.0","0.0","0.0","0.0","0","0","0","0","0","0","0","-","-","-","-","-","-","-","-","-","-","-","-","-","-","-","-","-","-"
"1494015723232022531","https://twitter.com/EconomicsShiny/status/1494015723232022531","Inventory-to-Sales Ratio for Retailers at 1.16, below the ratio for Manufacturers (1.46) #rstats https://t.co/LTIP9KU9Ow","2022-02-16 18:28 +0000","83.0","4.0","0.04819277108433735","1.0","0.0","0.0","0.0","0.0","0.0","0.0","0.0","0","0","0","0","0","3","3","-","-","-","-","-","-","-","-","-","-","-","-","-","-","-","-","-","-"
"1494015487591825411","https://twitter.com/EconomicsShiny/status/1494015487591825411","#CapacityUtilization for Jan 2022 at 77.6% (up 1p.p.). Capacity utilization measures capacity used, relative to the total available capacity, to produce finished products. #rstats https://t.co/h2scKSKJlU","2022-02-16 18:27 +0000","89.0","2.0","0.02247191011235955","1.0","0.0","0.0","0.0","0.0","0.0","1.0","0.0","0","0","0","0","0","0","0","-","-","-","-","-","-","-","-","-","-","-","-","-","-","-","-","-","-"
"1494015439747362823","https://twitter.com/EconomicsShiny/status/1494015439747362823","#IndustrialProduction rose by 1.4% m/m in Jan 2022. Industrial Production measures real output for manufacturing, mining, and electric, and gas utilities. #rstats https://t.co/zmOzUUEZx8","2022-02-16 18:26 +0000","76.0","1.0","0.013157894736842105","1.0","0.0","0.0","0.0","0.0","0.0","0.0","0.0","0","0","0","0","0","0","0","-","-","-","-","-","-","-","-","-","-","-","-","-","-","-","-","-","-"
"1493944947111825409","https://twitter.com/EconomicsShiny/status/1493944947111825409","Daily new #COVID19 cases in key economies #rstats https://t.co/eC8kFNypY8","2022-02-16 13:46 +0000","96.0","1.0","0.010416666666666666","1.0","0.0","0.0","0.0","0.0","0.0","0.0","0.0","0","0","0","0","0","0","0","-","-","-","-","-","-","-","-","-","-","-","-","-","-","-","-","-","-"
"1493944865092157444","https://twitter.com/EconomicsShiny/status/1493944865092157444","Chicago Fed Financial Conditions Index in Feb 2022 at -0.56. Positive (negative) values indicate financial conditions that are tighter (looser) than average. #rstats https://t.co/GnZmhqPFxq","2022-02-16 13:46 +0000","103.0","1.0","0.009708737864077669","1.0","0.0","0.0","0.0","0.0","0.0","0.0","0.0","0","0","0","0","0","0","0","-","-","-","-","-","-","-","-","-","-","-","-","-","-","-","-","-","-"
"1493944716903260162","https://twitter.com/EconomicsShiny/status/1493944716903260162","Anyone Else Got a New #Hometrainer Recently? Sales of #SportingGoods Skyrocketed in 2021. https://t.co/P1mTMrjDi2 #AdvanceRetailSales #rstats https://t.co/0ZnRonQSRS","2022-02-16 13:45 +0000","23.0","0.0","0.0","0.0","0.0","0.0","0.0","0.0","0.0","0.0","0.0","0","0","0","0","0","0","0","-","-","-","-","-","-","-","-","-","-","-","-","-","-","-","-","-","-"
"1493944666781270024","https://twitter.com/EconomicsShiny/status/1493944666781270024","US Census: #AdvanceRetailSales: Details Behind the Headline #rstats https://t.co/TYeqCts5r9","2022-02-16 13:45 +0000","75.0","3.0","0.04","1.0","0.0","0.0","0.0","0.0","0.0","0.0","0.0","0","0","0","0","0","2","2","-","-","-","-","-","-","-","-","-","-","-","-","-","-","-","-","-","-"
"1493944613907927052","https://twitter.com/EconomicsShiny/status/1493944613907927052","US Census: Advance Retail Sales increase by 3.8% in Jan 2022 #RetailTherapy #rstats https://t.co/AORdpRGaiE","2022-02-16 13:45 +0000","122.0","4.0","0.03278688524590164","1.0","0.0","0.0","0.0","0.0","0.0","0.0","0.0","0","0","0","0","0","3","3","-","-","-","-","-","-","-","-","-","-","-","-","-","-","-","-","-","-"
"1493734567223648257","https://twitter.com/EconomicsShiny/status/1493734567223648257","Paying more for #gas? Weighted av. gas prices currently at $3.58, up 4.3 cents from last week. Relative to 12 months ago, this is a $0.99 increase.  #rstats https://t.co/1B9SxOVRLG","2022-02-15 23:50 +0000","91.0","2.0","0.02197802197802198","1.0","0.0","0.0","0.0","0.0","0.0","0.0","0.0","0","0","0","0","0","1","1","-","-","-","-","-","-","-","-","-","-","-","-","-","-","-","-","-","-"
"1493635611638566917","https://twitter.com/EconomicsShiny/status/1493635611638566917","Cross-Country Comparison: New confirmed cases of #COVID19 in major economies, using data as of 15 Feb, per 100K people #rstats https://t.co/UcGBkAfPLk","2022-02-15 17:17 +0000","102.0","3.0","0.029411764705882353","1.0","0.0","0.0","0.0","0.0","0.0","0.0","0.0","0","0","0","0","0","2","2","-","-","-","-","-","-","-","-","-","-","-","-","-","-","-","-","-","-"
"1493635402464481287","https://twitter.com/EconomicsShiny/status/1493635402464481287","#EmpireState #ManufacturingSurvey for Feb 2022 at 28.2, suggesting that future (leading) business conditions for the state of New York are improving, relative to last month #rstats https://t.co/4jD8yPt25b https://t.co/tT0OPbdcOZ","2022-02-15 17:16 +0000","82.0","1.0","0.012195121951219513","1.0","0.0","0.0","0.0","0.0","0.0","0.0","0.0","0","0","0","0","0","0","0","-","-","-","-","-","-","-","-","-","-","-","-","-","-","-","-","-","-"
"1493635354821279745","https://twitter.com/EconomicsShiny/status/1493635354821279745","#EmpireState #ManufacturingSurvey for Feb 2022 at 3.1, suggesting that current business conditions for the state of New York are improving, relative to last month #rstats https://t.co/aGtd9YLDAC","2022-02-15 17:16 +0000","99.0","2.0","0.020202020202020204","1.0","0.0","0.0","0.0","0.0","0.0","0.0","0.0","0","0","0","0","0","1","1","-","-","-","-","-","-","-","-","-","-","-","-","-","-","-","-","-","-"
"1493635306955943939","https://twitter.com/EconomicsShiny/status/1493635306955943939","How's the UK doing since #Brexit? Comparing the evolution of real #GDP since the referendum, and since the actual withdrawal from the EU #rstats https://t.co/6gAfD0UjY1","2022-02-15 17:16 +0000","156.0","11.0","0.07051282051282051","1.0","0.0","0.0","0.0","0.0","0.0","0.0","0.0","0","0","0","0","0","10","10","-","-","-","-","-","-","-","-","-","-","-","-","-","-","-","-","-","-"
"1493196109375852547","https://twitter.com/EconomicsShiny/status/1493196109375852547","Daily new #COVID19 cases in key economies #rstats https://t.co/O7mMw3m3Zw","2022-02-14 12:11 +0000","103.0","6.0","0.05825242718446602","1.0","0.0","0.0","0.0","0.0","0.0","0.0","0.0","0","0","0","0","0","5","5","-","-","-","-","-","-","-","-","-","-","-","-","-","-","-","-","-","-"
"1492977197455392768","https://twitter.com/EconomicsShiny/status/1492977197455392768","Canada: New #COVID19 cases, as of 09 Feb, at 10,632; the 7-day rolling average is at 10,633, down from 11,145 the prior day (source: https://t.co/jQYRb8dubd) #rstats","2022-02-13 21:41 +0000","39.0","0.0","0.0","0.0","0.0","0.0","0.0","0.0","0.0","0.0","0.0","0","0","0","0","0","0","0","-","-","-","-","-","-","-","-","-","-","-","-","-","-","-","-","-","-"
"1492977149413842944","https://twitter.com/EconomicsShiny/status/1492977149413842944","Brazil: New #COVID19 cases, as of 12 Feb, at 0; the 7-day rolling average is at 126,296, down from 135,361 the prior day (source: https://t.co/jQYRb8dubd) #rstats","2022-02-13 21:41 +0000","38.0","0.0","0.0","0.0","0.0","0.0","0.0","0.0","0.0","0.0","0.0","0","0","0","0","0","0","0","-","-","-","-","-","-","-","-","-","-","-","-","-","-","-","-","-","-"
"1492977101175246850","https://twitter.com/EconomicsShiny/status/1492977101175246850","Italy: New #COVID19 cases, as of 12 Feb, at 52,345; the 7-day rolling average is at 69,134, down from 72,934 the prior day (source: https://t.co/jQYRb8dubd) #rstats","2022-02-13 21:40 +0000","35.0","0.0","0.0","0.0","0.0","0.0","0.0","0.0","0.0","0.0","0.0","0","0","0","0","0","0","0","-","-","-","-","-","-","-","-","-","-","-","-","-","-","-","-","-","-"
"1492977041104330764","https://twitter.com/EconomicsShiny/status/1492977041104330764","United Kingdom: New #COVID19 cases, as of 07 Feb, at 34,645; the 7-day rolling average is at 60,771, down from 68,541 the prior day (source: https://t.co/jQYRb8dubd) #rstats","2022-02-13 21:40 +0000","29.0","0.0","0.0","0.0","0.0","0.0","0.0","0.0","0.0","0.0","0.0","0","0","0","0","0","0","0","-","-","-","-","-","-","-","-","-","-","-","-","-","-","-","-","-","-"
"1492976991976316930","https://twitter.com/EconomicsShiny/status/1492976991976316930","Germany: New #COVID19 cases, as of 11 Feb, at 79,664; the 7-day rolling average is at 174,215, down from 181,523 the prior day (source: https://t.co/jQYRb8v52L) #rstats","2022-02-13 21:40 +0000","29.0","0.0","0.0","0.0","0.0","0.0","0.0","0.0","0.0","0.0","0.0","0","0","0","0","0","0","0","-","-","-","-","-","-","-","-","-","-","-","-","-","-","-","-","-","-"
"1492976932308324358","https://twitter.com/EconomicsShiny/status/1492976932308324358","United States: New #COVID19 cases, as of 11 Feb, at 62,883; the 7-day rolling average is at 176,238, down from 184,911 the prior day (source: https://t.co/jQYRb8dubd) #rstats","2022-02-13 21:40 +0000","26.0","0.0","0.0","0.0","0.0","0.0","0.0","0.0","0.0","0.0","0.0","0","0","0","0","0","0","0","-","-","-","-","-","-","-","-","-","-","-","-","-","-","-","-","-","-"
"1492833339488804871","https://twitter.com/EconomicsShiny/status/1492833339488804871","Daily new #COVID19 cases in key economies #rstats https://t.co/cyNFS7dfsY","2022-02-13 12:09 +0000","45.0","7.0","0.15555555555555556","0.0","0.0","0.0","0.0","0.0","0.0","7.0","0.0","0","0","0","0","0","0","0","-","-","-","-","-","-","-","-","-","-","-","-","-","-","-","-","-","-"
"1492471342674944002","https://twitter.com/EconomicsShiny/status/1492471342674944002","Cross-Country Comparison: New confirmed cases of #COVID19 in major economies, using data as of 12 Feb, per 100K people #rstats https://t.co/gQNq0HnnHi","2022-02-12 12:11 +0000","98.0","2.0","0.02040816326530612","1.0","0.0","0.0","0.0","0.0","0.0","0.0","0.0","0","0","0","0","0","1","1","-","-","-","-","-","-","-","-","-","-","-","-","-","-","-","-","-","-"
"1492252461100371969","https://twitter.com/EconomicsShiny/status/1492252461100371969","COVID 19 #PartialVaccination in major economies (defined as number of people who received at least one dose over total population). Details: https://t.co/xjHOWiFrYh  #rstats https://t.co/jaw60luent","2022-02-11 21:41 +0000","29.0","0.0","0.0","0.0","0.0","0.0","0.0","0.0","0.0","0.0","0.0","0","0","0","0","0","0","0","-","-","-","-","-","-","-","-","-","-","-","-","-","-","-","-","-","-"
"1492252405962100740","https://twitter.com/EconomicsShiny/status/1492252405962100740","COVID 19 #FullVaccination in major economies (defined as number of people who received all doses prescribed by the vaccination protocol over total population). Details: https://t.co/xjHOWiFrYh  #rstats https://t.co/gqBGwafN9k","2022-02-11 21:41 +0000","30.0","0.0","0.0","0.0","0.0","0.0","0.0","0.0","0.0","0.0","0.0","0","0","0","0","0","0","0","-","-","-","-","-","-","-","-","-","-","-","-","-","-","-","-","-","-"
"1492252353042526210","https://twitter.com/EconomicsShiny/status/1492252353042526210","#COVID19 Patients in Intensive Care Units (data as of Feb 11) #rstats https://t.co/nPITX7D6s4","2022-02-11 21:41 +0000","47.0","1.0","0.02127659574468085","0.0","0.0","0.0","0.0","0.0","0.0","1.0","0.0","0","0","0","0","0","0","0","-","-","-","-","-","-","-","-","-","-","-","-","-","-","-","-","-","-"
"1492252287582056450","https://twitter.com/EconomicsShiny/status/1492252287582056450","#COVID19 Hospitalizations in major economies (data as of Feb 11) #rstats https://t.co/hmE0MqrSx9","2022-02-11 21:40 +0000","70.0","0.0","0.0","0.0","0.0","0.0","0.0","0.0","0.0","0.0","0.0","0","0","0","0","0","0","0","-","-","-","-","-","-","-","-","-","-","-","-","-","-","-","-","-","-"
"1492251918940450820","https://twitter.com/EconomicsShiny/status/1492251918940450820","According to the Federal Reserve Cleveland, inflation expectations over a 1-year horizon are 2.61% y/y, above the Fed's target of 2%. Longer-term expectations appear reasonably anchored around 2%. #rstats https://t.co/oA7YWB4ldD","2022-02-11 21:39 +0000","45.0","1.0","0.022222222222222223","0.0","0.0","0.0","1.0","0.0","0.0","0.0","0.0","0","0","0","0","0","0","0","-","-","-","-","-","-","-","-","-","-","-","-","-","-","-","-","-","-"
"1492251648353357824","https://twitter.com/EconomicsShiny/status/1492251648353357824","10Y #Treasury is at 2.03%. How are shorter-term interest rates contributing to the change in the #YieldCurve? #rstats https://t.co/s9KpYcJG6i https://t.co/iiVwD8nuoR","2022-02-11 21:38 +0000","42.0","1.0","0.023809523809523808","0.0","0.0","0.0","0.0","0.0","0.0","0.0","0.0","0","0","0","0","0","1","1","-","-","-","-","-","-","-","-","-","-","-","-","-","-","-","-","-","-"
"1492117198839635968","https://twitter.com/EconomicsShiny/status/1492117198839635968","Cross-Country Comparison: New confirmed cases of #COVID19 in major economies, using data as of 11 Feb, per 100K people #rstats https://t.co/5I0MJ0wYuD","2022-02-11 12:43 +0000","93.0","3.0","0.03225806451612903","1.0","0.0","0.0","0.0","0.0","1.0","0.0","0.0","0","0","0","0","0","1","1","-","-","-","-","-","-","-","-","-","-","-","-","-","-","-","-","-","-"
"1491777561076150272","https://twitter.com/EconomicsShiny/status/1491777561076150272","On average, prices for #AlcoholicBeverages (away from home) have increased 4.15% y/y, up 0.49p.p. from last month. Posting for a friend. #rstats https://t.co/0FmQkbMfs9","2022-02-10 14:14 +0000","91.0","1.0","0.01098901098901099","1.0","0.0","0.0","0.0","0.0","0.0","0.0","0.0","0","0","0","0","0","0","0","-","-","-","-","-","-","-","-","-","-","-","-","-","-","-","-","-","-"
"1491777505723928580","https://twitter.com/EconomicsShiny/status/1491777505723928580","How broad based is the increase in #Inflation? Comparing  today to pre-pandemic shows increases in almost all major #CPI #Components #rstats https://t.co/8vuJPygeCj","2022-02-10 14:14 +0000","155.0","2.0","0.012903225806451613","1.0","0.0","0.0","1.0","0.0","0.0","0.0","0.0","0","0","0","0","0","0","0","-","-","-","-","-","-","-","-","-","-","-","-","-","-","-","-","-","-"
"1491777455392235520","https://twitter.com/EconomicsShiny/status/1491777455392235520","#CPI Update: Details behind the topline number #Inflation #rstats https://t.co/wBRG5Hn9WD","2022-02-10 14:13 +0000","194.0","6.0","0.030927835051546393","1.0","0.0","0.0","1.0","0.0","0.0","0.0","0.0","0","0","0","0","0","4","4","-","-","-","-","-","-","-","-","-","-","-","-","-","-","-","-","-","-"
"1491777394897731584","https://twitter.com/EconomicsShiny/status/1491777394897731584","#CPI Update: Details behind the topline number #Inflation #rstats https://t.co/PBrZnO72m5","2022-02-10 14:13 +0000","210.0","4.0","0.01904761904761905","1.0","0.0","0.0","0.0","0.0","0.0","1.0","0.0","0","0","0","0","0","2","2","-","-","-","-","-","-","-","-","-","-","-","-","-","-","-","-","-","-"
"1491769898456039430","https://twitter.com/EconomicsShiny/status/1491769898456039430","Weekly Initial Unemployment Claims (first-time applications for unemployment benefits), a proxy for layoffs, decrease to 223K (down -16K from prior week); 4-week moving average of continued claims  increase to 1634.5K in Feb 2022 #rstats https://t.co/qtaXRNFhGc","2022-02-10 13:43 +0000","97.0","1.0","0.010309278350515464","1.0","0.0","0.0","0.0","0.0","0.0","0.0","0.0","0","0","0","0","0","0","0","-","-","-","-","-","-","-","-","-","-","-","-","-","-","-","-","-","-"
"1491754806804893696","https://twitter.com/EconomicsShiny/status/1491754806804893696","Daily new #COVID19 cases in key economies #rstats https://t.co/4QPLzuq1bJ","2022-02-10 12:43 +0000","306.0","4.0","0.013071895424836602","1.0","1.0","0.0","0.0","0.0","0.0","0.0","0.0","0","0","0","0","0","2","2","-","-","-","-","-","-","-","-","-","-","-","-","-","-","-","-","-","-"
"1491430419165855744","https://twitter.com/EconomicsShiny/status/1491430419165855744","Transportation Update: Public Transit Ridership / Freight transportation services index (for-hire trucking, freight railroad services, inland waterway traffic, pipeline movements, air freight) #rstats https://t.co/2o6OyE2Bz8","2022-02-09 15:14 +0000","284.0","2.0","0.007042253521126761","2.0","0.0","0.0","0.0","0.0","0.0","0.0","0.0","0","0","0","0","0","0","0","-","-","-","-","-","-","-","-","-","-","-","-","-","-","-","-","-","-"
"1491430366770515976","https://twitter.com/EconomicsShiny/status/1491430366770515976","Air Traffic coming back, Public Transportation not so much #rstats https://t.co/4jD8yPt25b https://t.co/VReshUHsaa","2022-02-09 15:14 +0000","225.0","2.0","0.008888888888888889","2.0","0.0","0.0","0.0","0.0","0.0","0.0","0.0","0","0","0","0","0","0","0","-","-","-","-","-","-","-","-","-","-","-","-","-","-","-","-","-","-"
"1491415184262455299","https://twitter.com/EconomicsShiny/status/1491415184262455299","Chicago Fed Financial Conditions Index in Feb 2022 at -0.57. Positive (negative) values indicate financial conditions that are tighter (looser) than average. #rstats https://t.co/0cXezxym57","2022-02-09 14:14 +0000","383.0","11.0","0.028720626631853787","2.0","0.0","0.0","0.0","0.0","0.0","6.0","0.0","0","0","0","0","0","3","3","-","-","-","-","-","-","-","-","-","-","-","-","-","-","-","-","-","-"
"1491384049121873921","https://twitter.com/EconomicsShiny/status/1491384049121873921","Daily new #COVID19 cases in key economies #rstats https://t.co/44NpeEK5VU","2022-02-09 12:10 +0000","357.0","22.0","0.06162464985994398","3.0","0.0","1.0","0.0","0.0","0.0","4.0","0.0","0","0","0","0","0","14","14","-","-","-","-","-","-","-","-","-","-","-","-","-","-","-","-","-","-"
"1491149321894572035","https://twitter.com/EconomicsShiny/status/1491149321894572035","Paying more for #gas? Weighted av. gas prices currently at $3.54, up 7.4 cents from last week. Relative to 12 months ago, this is a $0.99 increase.  #rstats https://t.co/KRwL8hJOgq","2022-02-08 20:37 +0000","325.0","2.0","0.006153846153846154","2.0","0.0","0.0","0.0","0.0","0.0","0.0","0.0","0","0","0","0","0","0","0","-","-","-","-","-","-","-","-","-","-","-","-","-","-","-","-","-","-"
"1491060297037139968","https://twitter.com/EconomicsShiny/status/1491060297037139968","On average, prices for #AlcoholicBeverages (away from home) have increased 3.66% y/y, up 0.97p.p. from last month. Posting for a friend. #rstats https://t.co/6ikZHCYEyI","2022-02-08 14:44 +0000","257.0","7.0","0.027237354085603113","1.0","0.0","0.0","0.0","0.0","0.0","1.0","0.0","0","0","0","0","0","5","5","-","-","-","-","-","-","-","-","-","-","-","-","-","-","-","-","-","-"
"1491060244012806149","https://twitter.com/EconomicsShiny/status/1491060244012806149","How broad based is the increase in #Inflation? Comparing  today to pre-pandemic shows increases in almost all major #CPI #Components #rstats https://t.co/L0zIjigVus","2022-02-08 14:43 +0000","261.0","3.0","0.011494252873563218","1.0","0.0","0.0","0.0","0.0","0.0","0.0","0.0","0","0","0","0","0","2","2","-","-","-","-","-","-","-","-","-","-","-","-","-","-","-","-","-","-"
"1491060012705366023","https://twitter.com/EconomicsShiny/status/1491060012705366023","Dec 2021 exports were $228.1B, up $3.4B from the prior month. Imports were $308.9B, up $4.8B. #rstats https://t.co/3vyeVH3m5L","2022-02-08 14:43 +0000","228.0","9.0","0.039473684210526314","1.0","0.0","0.0","2.0","0.0","0.0","0.0","0.0","0","0","0","0","0","6","6","-","-","-","-","-","-","-","-","-","-","-","-","-","-","-","-","-","-"
"1491059957462179843","https://twitter.com/EconomicsShiny/status/1491059957462179843","US #TradeBalance for Dec 2021 came in at $-80.7B, up from last quarter's $-79.3B #rstats https://t.co/Aae5sfP426","2022-02-08 14:42 +0000","243.0","3.0","0.012345679012345678","1.0","0.0","0.0","0.0","0.0","0.0","0.0","0.0","0","0","0","0","0","2","2","-","-","-","-","-","-","-","-","-","-","-","-","-","-","-","-","-","-"
"1491044990545534981","https://twitter.com/EconomicsShiny/status/1491044990545534981","#CPI Update: Details behind the topline number #Inflation #rstats https://t.co/DVlUwQh6jI","2022-02-08 13:43 +0000","328.0","11.0","0.03353658536585366","2.0","0.0","0.0","1.0","0.0","0.0","1.0","0.0","0","0","0","0","0","7","7","-","-","-","-","-","-","-","-","-","-","-","-","-","-","-","-","-","-"
"1491044930969559042","https://twitter.com/EconomicsShiny/status/1491044930969559042","#CPI Update: Details behind the topline number #Inflation #rstats https://t.co/DhlLddwJk3","2022-02-08 13:43 +0000","276.0","5.0","0.018115942028985508","2.0","0.0","0.0","0.0","0.0","0.0","0.0","0.0","0","0","0","0","0","3","3","-","-","-","-","-","-","-","-","-","-","-","-","-","-","-","-","-","-"
"1491029935779110920","https://twitter.com/EconomicsShiny/status/1491029935779110920","Cross-Country Comparison: New confirmed cases of #COVID19 in major economies, using data as of 08 Feb, per 100K people #rstats https://t.co/0rU2Yx4w1q","2022-02-08 12:43 +0000","480.0","34.0","0.07083333333333333","2.0","1.0","1.0","3.0","0.0","0.0","6.0","0.0","0","0","0","0","0","21","21","-","-","-","-","-","-","-","-","-","-","-","-","-","-","-","-","-","-"
"1491021107079622656","https://twitter.com/EconomicsShiny/status/1491021107079622656","Cross-Country Comparison: New confirmed cases of #COVID19 in major economies, using data as of 07 Feb, per 100K people #rstats https://t.co/hmcsIT4mLr","2022-02-08 12:08 +0000","314.0","6.0","0.01910828025477707","2.0","0.0","0.0","0.0","0.0","0.0","0.0","0.0","0","0","0","0","0","4","4","-","-","-","-","-","-","-","-","-","-","-","-","-","-","-","-","-","-"
"1490787331405717506","https://twitter.com/EconomicsShiny/status/1490787331405717506","#StudentLoanDebt high, but growth is continues to slide: Student loans grow at 2.68%, up 0.03 p.p. from last quarter #rstats https://t.co/9eWV2mWQVJ","2022-02-07 20:39 +0000","434.0","6.0","0.013824884792626729","2.0","0.0","1.0","0.0","0.0","1.0","0.0","0.0","0","0","0","0","0","2","2","-","-","-","-","-","-","-","-","-","-","-","-","-","-","-","-","-","-"
"1490659207334580227","https://twitter.com/EconomicsShiny/status/1490659207334580227","Daily new #COVID19 cases in key economies #rstats https://t.co/VSxWYfjUDE","2022-02-07 12:10 +0000","341.0","12.0","0.03519061583577713","2.0","0.0","0.0","1.0","0.0","0.0","2.0","0.0","0","0","0","0","0","7","7","-","-","-","-","-","-","-","-","-","-","-","-","-","-","-","-","-","-"
"1490440245946556423","https://twitter.com/EconomicsShiny/status/1490440245946556423","Canada: New #COVID19 cases, as of 02 Feb, at 14,217; the 7-day rolling average is at 13,984, down from 14,595 the prior day (source: https://t.co/jQYRb8dubd) #rstats","2022-02-06 21:40 +0000","323.0","1.0","0.0030959752321981426","1.0","0.0","0.0","0.0","0.0","0.0","0.0","0.0","0","0","0","0","0","0","0","-","-","-","-","-","-","-","-","-","-","-","-","-","-","-","-","-","-"
"1490440199305842689","https://twitter.com/EconomicsShiny/status/1490440199305842689","Brazil: New #COVID19 cases, as of 05 Feb, at 0; the 7-day rolling average is at 160,000, down from 174,770 the prior day (source: https://t.co/jQYRb8dubd) #rstats","2022-02-06 21:40 +0000","346.0","2.0","0.005780346820809248","1.0","0.0","0.0","0.0","1.0","0.0","0.0","0.0","0","0","0","0","0","0","0","-","-","-","-","-","-","-","-","-","-","-","-","-","-","-","-","-","-"
"1490440151461511175","https://twitter.com/EconomicsShiny/status/1490440151461511175","Italy: New #COVID19 cases, as of 05 Feb, at 78,943; the 7-day rolling average is at 99,464, down from 103,060 the prior day (source: https://t.co/jQYRb8dubd) #rstats","2022-02-06 21:39 +0000","308.0","1.0","0.003246753246753247","1.0","0.0","0.0","0.0","0.0","0.0","0.0","0.0","0","0","0","0","0","0","0","-","-","-","-","-","-","-","-","-","-","-","-","-","-","-","-","-","-"
"1490440099506659332","https://twitter.com/EconomicsShiny/status/1490440099506659332","United Kingdom: New #COVID19 cases, as of 04 Feb, at 0; the 7-day rolling average is at 60,540, down from 70,525 the prior day (source: https://t.co/jQYRb8dubd) #rstats","2022-02-06 21:39 +0000","307.0","2.0","0.006514657980456026","1.0","0.0","0.0","1.0","0.0","0.0","0.0","0.0","0","0","0","0","0","0","0","-","-","-","-","-","-","-","-","-","-","-","-","-","-","-","-","-","-"
"1490440053105078274","https://twitter.com/EconomicsShiny/status/1490440053105078274","Germany: New #COVID19 cases, as of 04 Feb, at 83,094; the 7-day rolling average is at 166,400, down from 171,778 the prior day (source: https://t.co/jQYRb8dubd) #rstats","2022-02-06 21:39 +0000","320.0","4.0","0.0125","1.0","0.0","0.0","1.0","0.0","0.0","2.0","0.0","0","0","0","0","0","0","0","-","-","-","-","-","-","-","-","-","-","-","-","-","-","-","-","-","-"
"1490440000483344390","https://twitter.com/EconomicsShiny/status/1490440000483344390","United States: New #COVID19 cases, as of 04 Feb, at 123,593; the 7-day rolling average is at 304,864, down from 322,463 the prior day (source: https://t.co/jQYRb8dubd) #rstats","2022-02-06 21:39 +0000","308.0","1.0","0.003246753246753247","1.0","0.0","0.0","0.0","0.0","0.0","0.0","0.0","0","0","0","0","0","0","0","-","-","-","-","-","-","-","-","-","-","-","-","-","-","-","-","-","-"
"1490296673352192001","https://twitter.com/EconomicsShiny/status/1490296673352192001","Daily new #COVID19 cases in key economies #rstats https://t.co/MAehaAzxXB","2022-02-06 12:09 +0000","459.0","24.0","0.05228758169934641","2.0","0.0","1.0","3.0","0.0","0.0","0.0","0.0","0","0","0","0","0","18","18","-","-","-","-","-","-","-","-","-","-","-","-","-","-","-","-","-","-"
"1490062559562682373","https://twitter.com/EconomicsShiny/status/1490062559562682373","Cross-Country Comparison: New confirmed cases of #COVID19 in major economies, using data as of 05 Feb, per 100K people #rstats https://t.co/jK5T6yn5Jh","2022-02-05 20:39 +0000","487.0","17.0","0.03490759753593429","2.0","0.0","1.0","0.0","0.0","3.0","0.0","0.0","0","0","0","0","0","11","11","-","-","-","-","-","-","-","-","-","-","-","-","-","-","-","-","-","-"
"1489934263009128455","https://twitter.com/EconomicsShiny/status/1489934263009128455","Cross-Country Comparison: New confirmed cases of #COVID19 in major economies, using data as of 04 Feb, per 100K people #rstats https://t.co/3sHQpJtBfM","2022-02-05 12:09 +0000","402.0","14.0","0.03482587064676617","2.0","0.0","0.0","0.0","0.0","0.0","2.0","0.0","0","0","0","0","0","10","10","-","-","-","-","-","-","-","-","-","-","-","-","-","-","-","-","-","-"
"1489700606583390217","https://twitter.com/EconomicsShiny/status/1489700606583390217","Total #LightVehicle sales at 15.04M units (saar), up 2.5M units from last month. #rstats https://t.co/KzeZfJARaP","2022-02-04 20:41 +0000","336.0","9.0","0.026785714285714284","2.0","2.0","0.0","0.0","0.0","0.0","1.0","0.0","0","0","0","0","0","4","4","-","-","-","-","-","-","-","-","-","-","-","-","-","-","-","-","-","-"
"1489700545656938506","https://twitter.com/EconomicsShiny/status/1489700545656938506","#Auto Inventory-to-sales ratio at 0.359 in Dec 2021, up 0.13 from prior month. Historically, dealers typically hold over 2 months of inventory. #rstats https://t.co/1y7sDX86YQ","2022-02-04 20:41 +0000","329.0","5.0","0.015197568389057751","2.0","0.0","0.0","1.0","0.0","0.0","2.0","0.0","0","0","0","0","0","0","0","-","-","-","-","-","-","-","-","-","-","-","-","-","-","-","-","-","-"
"1489700486349570054","https://twitter.com/EconomicsShiny/status/1489700486349570054","#Vehicle sales for Jan 2022 at 15.042M units, up 2.5M units from prior month #rstats https://t.co/7a9GVpFm1M","2022-02-04 20:40 +0000","326.0","2.0","0.006134969325153374","2.0","0.0","0.0","0.0","0.0","0.0","0.0","0.0","0","0","0","0","0","0","0","-","-","-","-","-","-","-","-","-","-","-","-","-","-","-","-","-","-"
"1489610927636946954","https://twitter.com/EconomicsShiny/status/1489610927636946954","Labor Force Flows: 6773K re-enter the labor force in Jan 2022, up 341K from prior month. 1558K unemployed exit the labor force in Jan 2022, down -151K from prior month #rstats https://t.co/b7vzJFwlsi","2022-02-04 14:44 +0000","238.0","3.0","0.012605042016806723","1.0","0.0","0.0","0.0","0.0","0.0","1.0","0.0","0","0","0","0","0","1","1","-","-","-","-","-","-","-","-","-","-","-","-","-","-","-","-","-","-"
"1489610834242424839","https://twitter.com/EconomicsShiny/status/1489610834242424839","#Payroll Update: Details behind the topline number #LaborMarket #rstats https://t.co/5lFt4uzfkO","2022-02-04 14:44 +0000","261.0","5.0","0.019157088122605363","1.0","0.0","0.0","0.0","0.0","0.0","0.0","0.0","0","0","0","0","0","4","4","-","-","-","-","-","-","-","-","-","-","-","-","-","-","-","-","-","-"
"1489610759290109955","https://twitter.com/EconomicsShiny/status/1489610759290109955","#Unemployment rate in Jan 2022 at 4%, up 0.1; #Participation rate at 62.2, up 0.3 from prior month #rstats https://t.co/ZG5BmN5PE9","2022-02-04 14:44 +0000","222.0","1.0","0.0045045045045045045","1.0","0.0","0.0","0.0","0.0","0.0","0.0","0.0","0","0","0","0","0","0","0","-","-","-","-","-","-","-","-","-","-","-","-","-","-","-","-","-","-"
"1489610704311226373","https://twitter.com/EconomicsShiny/status/1489610704311226373","#Payroll Update: Comparing the current #Recovery of the #LaborMarket to previous recessions #rstats https://t.co/OvozckddIR","2022-02-04 14:44 +0000","240.0","3.0","0.0125","1.0","0.0","0.0","0.0","0.0","0.0","0.0","0.0","0","0","0","0","0","2","2","-","-","-","-","-","-","-","-","-","-","-","-","-","-","-","-","-","-"
"1489610654973677569","https://twitter.com/EconomicsShiny/status/1489610654973677569","Today's #WageData data reports average hourly earnings of $31.63. This represents an increase in average hourly earnings of 0.23 cents, relative to last month, and an increase of $1.7 or 4.7%, relative to the same month last year #rstats https://t.co/KPDTWCkUpl","2022-02-04 14:43 +0000","239.0","2.0","0.008368200836820083","1.0","0.0","0.0","0.0","0.0","1.0","0.0","0.0","0","0","0","0","0","0","0","-","-","-","-","-","-","-","-","-","-","-","-","-","-","-","-","-","-"
"1489610606369984521","https://twitter.com/EconomicsShiny/status/1489610606369984521","Today's #Payroll data reports an increase in private sector employment of 467K jobs, up from 510K in Dec 2021 #rstats https://t.co/R1s53NSNTq","2022-02-04 14:43 +0000","233.0","1.0","0.004291845493562232","1.0","0.0","0.0","0.0","0.0","0.0","0.0","0.0","0","0","0","0","0","0","0","-","-","-","-","-","-","-","-","-","-","-","-","-","-","-","-","-","-"
"1489571607018414081","https://twitter.com/EconomicsShiny/status/1489571607018414081","Cross-Country Comparison: New confirmed cases of #COVID19 in major economies, using data as of 02 Feb, per 100K people #rstats https://t.co/u5dkqr0ClP","2022-02-04 12:08 +0000","343.0","13.0","0.037900874635568516","2.0","0.0","0.0","0.0","0.0","1.0","0.0","0.0","0","0","0","0","0","10","10","-","-","-","-","-","-","-","-","-","-","-","-","-","-","-","-","-","-"
"1489337615312723969","https://twitter.com/EconomicsShiny/status/1489337615312723969","#Thinking about buying a house? Average US 30-Year Fixed Rate #Mortgage last week at 3.55, down 0 p.p. from last week. 5/1 ARM at 2.7% #rstats https://t.co/7CVVfFbbLH","2022-02-03 20:38 +0000","459.0","15.0","0.032679738562091505","2.0","0.0","0.0","0.0","0.0","0.0","4.0","0.0","0","0","0","0","0","9","9","-","-","-","-","-","-","-","-","-","-","-","-","-","-","-","-","-","-"
"1489241533895352321","https://twitter.com/EconomicsShiny/status/1489241533895352321","Daily new #COVID19 cases in key economies #rstats https://t.co/QQ7Qhm28y4","2022-02-03 14:17 +0000","71.0","4.0","0.056338028169014086","1.0","0.0","0.0","1.0","0.0","0.0","0.0","0.0","0","0","0","0","0","2","2","-","-","-","-","-","-","-","-","-","-","-","-","-","-","-","-","-","-"
"1489241355205459975","https://twitter.com/EconomicsShiny/status/1489241355205459975","US Unit Labor Costs (nonfarm, all employed persons) rose by 3.1% in 2021 Q4. Correlation with headline PCE #inflation over the past 35 years is about 0.4. #rstats https://t.co/XdJKemmOJI","2022-02-03 14:16 +0000","86.0","2.0","0.023255813953488372","1.0","0.0","0.0","0.0","0.0","0.0","0.0","0.0","0","0","0","0","0","1","1","-","-","-","-","-","-","-","-","-","-","-","-","-","-","-","-","-","-"
"1489241304747884550","https://twitter.com/EconomicsShiny/status/1489241304747884550","Weekly Initial Unemployment Claims (first-time applications for unemployment benefits), a proxy for layoffs, decrease to 238K (down -23K from prior week); 4-week moving average of continued claims  decrease to 1619.8K in Jan 2022 #rstats https://t.co/7mMp53wNTt","2022-02-03 14:16 +0000","81.0","3.0","0.037037037037037035","1.0","0.0","0.0","1.0","0.0","0.0","0.0","0.0","0","0","0","0","0","1","1","-","-","-","-","-","-","-","-","-","-","-","-","-","-","-","-","-","-"
"1489241171322970112","https://twitter.com/EconomicsShiny/status/1489241171322970112","BLS: Unit labor costs in the nonfarm business sector rose by 3.1% q/q in 2021 Q4. BLS calculates unit labor costs as the ratio of hourly compensation to labor productivity. #rstats https://t.co/bwX80fefLy","2022-02-03 14:15 +0000","82.0","1.0","0.012195121951219513","1.0","0.0","0.0","0.0","0.0","0.0","0.0","0.0","0","0","0","0","0","0","0","-","-","-","-","-","-","-","-","-","-","-","-","-","-","-","-","-","-"
"1489241121045852166","https://twitter.com/EconomicsShiny/status/1489241121045852166","BLS: Non-Farm labor productivity rose by 6.6% q/q in 2021 Q4. Labor productivity, or output/hour, is calculated by dividing an index of real output by an index of hours worked of all persons. #rstats https://t.co/ViOtYeKJ5T","2022-02-03 14:15 +0000","76.0","2.0","0.02631578947368421","1.0","0.0","1.0","0.0","0.0","0.0","0.0","0.0","0","0","0","0","0","0","0","-","-","-","-","-","-","-","-","-","-","-","-","-","-","-","-","-","-"
"1488974987931308032","https://twitter.com/EconomicsShiny/status/1488974987931308032","#Uncertainty Update: VIX at 21.96; 7-day average of the Economic Policy Uncertainty Index at 402.5, up 38 from the prior week #MarketVolatility #rstats https://t.co/uuh0DsKpgg https://t.co/v95XhnGLPM","2022-02-02 20:37 +0000","243.0","2.0","0.00823045267489712","2.0","0.0","0.0","0.0","0.0","0.0","0.0","0.0","0","0","0","0","0","0","0","-","-","-","-","-","-","-","-","-","-","-","-","-","-","-","-","-","-"
"1488870765697118210","https://twitter.com/EconomicsShiny/status/1488870765697118210","Chicago Fed Financial Conditions Index in Jan 2022 at -0.57. Positive (negative) values indicate financial conditions that are tighter (looser) than average. #rstats https://t.co/63qPjYmfxP","2022-02-02 13:43 +0000","320.0","5.0","0.015625","2.0","0.0","0.0","0.0","0.0","0.0","1.0","0.0","0","0","0","0","0","2","2","-","-","-","-","-","-","-","-","-","-","-","-","-","-","-","-","-","-"
"1488870601209135109","https://twitter.com/EconomicsShiny/status/1488870601209135109","Today's #ADP data suggests an increase in private sector employment of -301K jobs, down from 776K in Dec 2021. Note that historically the ADP report is not overly accurate in predicting the payroll number. #rstats https://t.co/bIZtV6CVcq","2022-02-02 13:43 +0000","375.0","6.0","0.016","2.0","0.0","0.0","0.0","0.0","0.0","1.0","0.0","0","0","0","0","0","3","3","-","-","-","-","-","-","-","-","-","-","-","-","-","-","-","-","-","-"
"1488847157436289031","https://twitter.com/EconomicsShiny/status/1488847157436289031","Daily new #COVID19 cases in key economies #rstats https://t.co/YuCeAzmli0","2022-02-02 12:09 +0000","334.0","12.0","0.03592814371257485","2.0","0.0","1.0","0.0","0.0","0.0","0.0","0.0","0","0","0","0","0","9","9","-","-","-","-","-","-","-","-","-","-","-","-","-","-","-","-","-","-"
"1488628468439035910","https://twitter.com/EconomicsShiny/status/1488628468439035910","Cheap Financing? Amidst strong demand, fewer banks still easing lending standards for C&amp;I loans in Q1; keeping an eye on Spreads of Loan Rates over Banks' Funding Costs #SLOOS #rstats https://t.co/0tSVjlfnqP","2022-02-01 21:40 +0000","347.0","5.0","0.01440922190201729","2.0","0.0","0.0","0.0","0.0","0.0","1.0","0.0","0","0","0","0","0","2","2","-","-","-","-","-","-","-","-","-","-","-","-","-","-","-","-","-","-"
"1488613631889715202","https://twitter.com/EconomicsShiny/status/1488613631889715202","Cheap Financing? Amidst strong demand, fewer banks still easing lending standards for C&amp;I loans in Q1; keeping an eye on Spreads of Loan Rates over Banks' Funding Costs #SLOOS #rstats https://t.co/2NUUamCu7I","2022-02-01 20:42 +0000","334.0","3.0","0.008982035928143712","2.0","0.0","0.0","0.0","0.0","0.0","0.0","0.0","0","0","0","0","0","1","1","-","-","-","-","-","-","-","-","-","-","-","-","-","-","-","-","-","-"
"1488613024864866307","https://twitter.com/EconomicsShiny/status/1488613024864866307","Paying more for #gas? Weighted av. gas prices currently at $3.46, up 4.3 cents from last week. Relative to 12 months ago, this is a $0.97 increase.  #rstats https://t.co/6vlONEgJhz","2022-02-01 20:39 +0000","298.0","2.0","0.006711409395973154","2.0","0.0","0.0","0.0","0.0","0.0","0.0","0.0","0","0","0","0","0","0","0","-","-","-","-","-","-","-","-","-","-","-","-","-","-","-","-","-","-"
"1488568003671343108","https://twitter.com/EconomicsShiny/status/1488568003671343108","Cheap Financing? Amidst strong demand, fewer banks still easing lending standards for C&amp;I loans in Q1; keeping an eye on Spreads of Loan Rates over Banks' Funding Costs #SLOOS #rstats https://t.co/2Fj65jqZiU","2022-02-01 17:40 +0000","248.0","6.0","0.024193548387096774","1.0","0.0","1.0","0.0","0.0","0.0","2.0","0.0","0","0","0","0","0","2","2","-","-","-","-","-","-","-","-","-","-","-","-","-","-","-","-","-","-"
"1488567465063989255","https://twitter.com/EconomicsShiny/status/1488567465063989255","Total #Construction spending for Dec 2021 came in at $1.6B, up 0.6% from prior month #rstats https://t.co/HZGktOgtDU","2022-02-01 17:38 +0000","218.0","5.0","0.022935779816513763","3.0","0.0","1.0","0.0","0.0","0.0","0.0","0.0","0","0","0","0","0","1","1","-","-","-","-","-","-","-","-","-","-","-","-","-","-","-","-","-","-"
"1488531161408327689","https://twitter.com/EconomicsShiny/status/1488531161408327689","#JOLTS update: Rate of job openings for Dec 2021 at 6.8% #rstats https://t.co/bxRN6dT4dZ","2022-02-01 15:14 +0000","340.0","3.0","0.008823529411764706","2.0","0.0","0.0","0.0","0.0","0.0","0.0","0.0","0","0","0","0","0","1","1","-","-","-","-","-","-","-","-","-","-","-","-","-","-","-","-","-","-"
"1488531108975333381","https://twitter.com/EconomicsShiny/status/1488531108975333381","#JOLTS update: The hire rate for Dec 2021 at 4.2% #rstats https://t.co/oMLypEb8Hl","2022-02-01 15:14 +0000","282.0","2.0","0.0070921985815602835","1.0","0.0","0.0","0.0","0.0","0.0","0.0","0.0","0","0","0","0","0","1","1","-","-","-","-","-","-","-","-","-","-","-","-","-","-","-","-","-","-"
"1488531058316431364","https://twitter.com/EconomicsShiny/status/1488531058316431364","#JOLTS update: The quits rate for Dec 2021 at 2.9% #rstats https://t.co/I8SCeUfVAi","2022-02-01 15:13 +0000","288.0","3.0","0.010416666666666666","1.0","0.0","0.0","1.0","0.0","1.0","0.0","0.0","0","0","0","0","0","0","0","-","-","-","-","-","-","-","-","-","-","-","-","-","-","-","-","-","-"
"1488531008471375874","https://twitter.com/EconomicsShiny/status/1488531008471375874","Today's #JOLTS update suggest that 4.3M people quit their job in Dec 2021 #rstats https://t.co/r5wfDW6mHS","2022-02-01 15:13 +0000","287.0","3.0","0.010452961672473868","1.0","0.0","0.0","0.0","0.0","0.0","0.0","0.0","0","0","0","0","0","2","2","-","-","-","-","-","-","-","-","-","-","-","-","-","-","-","-","-","-"
"1488500328182030337","https://twitter.com/EconomicsShiny/status/1488500328182030337","US #HouseholdDebt in Apr 2021 at 77.673. This index measures the overall level of household indebtedness (commonly related to consumer loans and mortgages) as a share of GDP. #rstats https://t.co/7LxWlLEcCF","2022-02-01 13:11 +0000","305.0","2.0","0.006557377049180328","1.0","0.0","1.0","0.0","0.0","0.0","0.0","0.0","0","0","0","0","0","0","0","-","-","-","-","-","-","-","-","-","-","-","-","-","-","-","-","-","-"
"1488485318558994435","https://twitter.com/EconomicsShiny/status/1488485318558994435","Cross-Country Comparison: New confirmed cases of #COVID19 in major economies, using data as of 01 Feb, per 100K people #rstats https://t.co/2wpu7hYED7","2022-02-01 12:12 +0000","261.0","9.0","0.034482758620689655","2.0","0.0","1.0","0.0","0.0","0.0","0.0","0.0","0","0","0","0","0","6","6","-","-","-","-","-","-","-","-","-","-","-","-","-","-","-","-","-","-"
"1488485242956664833","https://twitter.com/EconomicsShiny/status/1488485242956664833","Update on #CommercialRealEstate Loans: Demand less strong and tighter standards in Q1 for land development and construction loans suggest CRE loans harder to come by #SLOOS #rstats https://t.co/UEeC8LMuZN","2022-02-01 12:11 +0000","233.0","2.0","0.008583690987124463","2.0","0.0","0.0","0.0","0.0","0.0","0.0","0.0","0","0","0","0","0","0","0","-","-","-","-","-","-","-","-","-","-","-","-","-","-","-","-","-","-"
"1488485165634629638","https://twitter.com/EconomicsShiny/status/1488485165634629638","Cheap Financing? Amidst strong demand, fewer banks still easing lending standards for C&amp;I loans in Q1; keeping an eye on Spreads of Loan Rates over Banks' Funding Costs #SLOOS #rstats https://t.co/r9WBfokk6n","2022-02-01 12:11 +0000","249.0","3.0","0.012048192771084338","2.0","0.0","0.0","0.0","0.0","0.0","0.0","0.0","0","0","0","0","0","1","1","-","-","-","-","-","-","-","-","-","-","-","-","-","-","-","-","-","-"
"1488485103986778113","https://twitter.com/EconomicsShiny/status/1488485103986778113","Need $$$? Banks still easing lending standards in Q1 for auto loans, credit card loans, and consumer loans #SLOOS #rstats https://t.co/wmcNpaYvQ5","2022-02-01 12:11 +0000","252.0","2.0","0.007936507936507936","2.0","0.0","0.0","0.0","0.0","0.0","0.0","0.0","0","0","0","0","0","0","0","-","-","-","-","-","-","-","-","-","-","-","-","-","-","-","-","-","-"
